<?xml version="1.0" encoding="UTF-8"?>
<project-private xmlns="http://www.netbeans.org/ns/project-private/1">
    <editor-bookmarks xmlns="http://www.netbeans.org/ns/editor-bookmarks/2" lastBookmarkId="0"/>
    <open-files xmlns="http://www.netbeans.org/ns/projectui-open-files/2">
        <group>
            <file>file:/N:/School%20Work/6th%20Form/Computer%20Science/51301_5201_SM_H/4.%20Prototype/File%20picking%20prac/src/screenshots/ChooseCSV.java</file>
            <file>file:/N:/School%20Work/6th%20Form/Computer%20Science/51301_5201_SM_H/4.%20Prototype/File%20picking%20prac/src/screenshots/SQLstatements.java</file>
        </group>
    </open-files>
</project-private>
