<?xml version="1.0" encoding="UTF-8"?>
<project-private xmlns="http://www.netbeans.org/ns/project-private/1">
    <editor-bookmarks xmlns="http://www.netbeans.org/ns/editor-bookmarks/2" lastBookmarkId="1">
        <file>
            <url>src/my/numberaddition/AQAReadTextFile.java</url>
            <bookmark id="1">
                <name/>
                <line>72</line>
                <key/>
            </bookmark>
        </file>
    </editor-bookmarks>
    <open-files xmlns="http://www.netbeans.org/ns/projectui-open-files/2">
        <group>
            <file>file:/N:/School%20Work/6th%20Form/Computer%20Science/51301_5201_SM_H/4.%20Prototype/NetBeans/LVICatteryDB_HollySmith/Design%20drawer/src/my/numberaddition/Sqlstatement.java</file>
        </group>
    </open-files>
</project-private>
