1,Princess,Will scratch and bite,1
2,Toby,Cut back the snacks!,2
3,Joe,Bit of a fighter,1
4,Katty,Very shy,2
5,Tiger,Needs cuddles,4
6,Brain,Special Diet,3
7,Tilly,Escape artist,5
8,Jasper,Handle with care,6
9,Tigger,Special Diet,10
10,Lucy,Very shy,9
11,Bob,Cut back the snacks!,7
12,Harry,Needs cuddles,7
13,Suki,Special Diet,7
14,Tigger,Escape artist,8
15,Tom,Special Diet,8
16,Pooky,Needs cuddles,12
17,Mr Tibbles,Escape artist,11
18,Garfield,Special Diet,11
19,Sammy,Very shy,14
20,Lulu,Escape artist,15
21,Snowball,Cut back the snacks!,13
22,Tabby,Special Diet,13
23,Whiskers,Special Diet,16
